sales_order_insurance_details_id;uuid;sales_order_id;patient_id;primary_insurer_id;primary_insurer_name;primary_insurance_group_id;primary_insurance_group_name;primary_insurance_plan_id;primary_insurance_plan_type;primary_insurance_state_id;primary_insurance_state_name;primary_insurer_policy_no;primary_insurer_patient_id_number;primary_insurer_effective_date;primary_insurer_verification_status;primary_insurer_verification_date;primary_insurer_pay_percentage;primary_box_10_d;primary_box_19;primary_box_24_ia;primary_box_24_ja;primary_box_24_jb;primary_include_box_24_jbstatus;primary_include_payer_sales_order_status;primary_wait_for_previous_payer_before_billing_status;primary_pay_percentage_status;secondary_insurer_id;secondary_insurer_name;secondary_insurance_group_id;secondary_insurance_group_name;secondary_insurance_plan_id;secondary_insurance_plan_type;secondary_insurance_state_id;secondary_insurance_state_name;secondary_insurer_policy_no;secondary_insurer_patient_id_number;secondary_insurer_effective_date;secondary_insurer_verification_status;secondary_insurer_verification_date;secondary_insurer_pay_percentage;secondary_box_10_d;secondary_box_19;secondary_box_24_ia;secondary_box_24_ja;secondary_box_24_jb;secondary_include_box_24_jb_status;secondary_include_payer_sales_order_status;secondary_wait_previous_payer_befr_billing_status;secondary_pay_percentage_status;tertiary_insurer_id;tertiary_insurer_name;tertiary_insurance_group_id;tertiary_insurance_group_name;tertiary_insurance_plan_id;tertiary_insurance_plan_type;tertiary_insurance_state_id;tertiary_insurance_state_name;tertiary_insurer_policyno;tertiary_insurer_patient_id_number;tertiary_insurer_effective_date;tertiary_insurer_verification_status;tertiary_insurer_verification_date;tertiary_insurer_pay_percentage;tertiary_box_10_d;tertiary_box_19;tertiary_box_24_ia;tertiary_box_24_ja;tertiary_box_24_jb;tertiary_include_box_24_jb_status;tertiary_include_payer_in_sales_order_status;tertiary_wait_previous_payer_before_billing_status;tertiary_pay_percentage_0_status;insurance_verification_status;coverage_verification_status;exclude_from_eligibility_check_status;patient_pay_percentage;patient_include_this_payor_in_sales_order_status;patient_wait_for_previous_payer_before_billing_status;workers_comp_date_of_onset;workers_comp_injury_related_employment_status;workers_comp_injury_related_auto_accident_status;workers_comp_auto_accident_state_id;workers_comp_injury_related_to_other_accident_status;eclaims_attachment_status;attachment_number;type_code;transaction_code;claims_note_type;claims_note;sales_order_no;status;created_by_id;created_by_name;created_date;updated_by_id;updated_by_name;updated_date
1;344ae801-2d60-479f-a008-ee63491e38d7;8413;7009;41230;invoice back-end digital;73735;Pizza Pines;36556;installation;88114;Fish blue;Salad Fully-configurable needs-based;XML payment;2022-08-22;website;2022-08-23;50344;Georgia West;ROI moderator;Grocery payment Tools;projection;clicks-and-mortar plum;Baby hacking;Data;Cambridgeshire maximized Senior;Bacon AGP;58977;Intelligent;85122;indexing Shirt;62790;throughput back-end Cotton;68572;circuit Awesome;Ranch mobile Ergonomic;Suriname synthesizing Metal;2022-08-22;Field parse Rhode;2022-08-23;24317;Focused eyeballs;Mills;Checking Ford;Hampshire;wireless program;Soap Money;SAS Berkshire;cross-platform RAM impactful;Tugrik;27726;bluetooth Awesome;83943;quantifying utilize Representative;44812;Customer navigating Avon;81899;Fantastic end-to-end;Borders;Handcrafted;2022-08-23;Benin;2022-08-22;10224;HTTP Legacy;Iowa Specialist Web;hierarchy;Hills Dynamic brand;Bolivar;innovate Books Alley;open withdrawal;purple;needs-based generation;navigate Frozen;Ohio Regional Pennsylvania;Clothing Home;PCI;bandwidth-monitored Frozen;Liaison bandwidth payment;2022-08-23;enterprise;Berkshire;87045;Checking Krone;Direct Plastic Pataca;26329;Unbranded blue white;benchmark Towels panel;Arkansas orchestrate magenta;open-source parsing;deposit;intuitive;1868;Developer;2022-08-23T01:32:19;24266;circuit;2022-08-23T18:32:06
2;0dc10418-a372-4a4b-a6bd-f2c77fe9e20e;40005;20094;50457;Balanced;35498;Intelligent data-warehouse Interactions;14485;Tasty Dollar;10910;Fantastic encoding;Generic Clothing Market;blue paradigm;2022-08-23;exploit;2022-08-23;8880;Sleek Awesome Web;SCSI;haptic;Assistant networks methodologies;Suriname Intelligent Isle;Computer Moldova;Home Arkansas;protocol;Division Florida Chips;53492;Loan Lilangeni exploit;81696;Mouse Operations;9307;Optimization;17897;Buckinghamshire;paradigm Sleek;partnerships;2022-08-23;IB calculate synthesizing;2022-08-23;59064;e-markets Money;Keyboard District virtual;sensor;ivory orchestration Dakota;Garden;migration;Savings;Cambridgeshire Handmade ivory;Chips;28450;6th help-desk Technician;19159;Identity Nevada;46774;National transmit GB;4153;Orchestrator deposit pink;open-source Singapore red;leverage Jordanian Computers;2022-08-23;Quality open-source;2022-08-23;4267;connecting ROI Table;withdrawal Accountability deposit;Computers;Turnpike Loan Savings;Hat National Buckinghamshire;best-of-breed;Jewelery;magenta Field;Regional Data Account;protocol Key niches;back-end Kingdom;Bedfordshire;Investor capacity Algerian;Camp Wisconsin;Buckinghamshire strategic;2022-08-22;Land mobile;Profit-focused;97640;one-to-one;next-generation Tuna;55010;upward-trending Wooden;hacking generating;web-enabled Product Uzbekistan;digital Developer;Berkshire Sausages schemas;Fantastic;92906;compress Networked;2022-08-23T01:34:05;99503;Implementation;2022-08-23T16:04:59
3;3662d009-2037-4253-8e44-62d43ef79f83;29124;95097;71498;compress Loan;9039;payment Concrete;66194;mobile Concrete Station;59771;repurpose;Facilitator;Iowa Future;2022-08-23;connect Incredible;2022-08-22;94812;disintermediate Music port;policy incremental Sleek;Drive deposit;efficient Internal;Hat Franc panel;contingency Tasty;asymmetric;lime back-end Bike;Bike;1545;Squares;87145;out-of-the-box payment;49752;system;15282;Dollar Albania;Liaison Tasty overriding;synthesizing Zambian Director;2022-08-23;repurpose;2022-08-23;69901;Nauru;CSS Kids Lead;Synergized;drive Reverse-engineered;Mobility Producer;UAE Station Wisconsin;Factors Assistant Shoes;Flats orchid;haptic Tools Granite;7538;invoice sensor;42426;bypass input Small;77536;generate Account quantifying;24030;Mobility Borders functionalities;Nigeria Executive;indigo interfaces;2022-08-23;Security;2022-08-23;87846;Plastic wireless;alarm Fantastic;generating;capacitor architect orchestrate;matrix;reboot dynamic;Account Island SCSI;drive;Fantastic quantifying solutions;CSS;Creative Assistant Louisiana;Frozen Dynamic;withdrawal plum;copying Mouse;Factors;2022-08-23;primary Cheese Fundamental;ivory Ball;43232;solutions XSS;integrate Representative synthesizing;71285;markets Arizona;magenta Tuna Soap;e-markets Central;Station Automotive Washington;SAS Jersey Diverse;Chicken Practical disintermediate;96657;South;2022-08-23T13:16:27;82646;Market sky synthesizing;2022-08-23T13:25:13
4;0cb9de50-f1ab-4af3-9673-800a2cd9914f;73127;64802;90770;Underpass transmitting;23211;generating Account architecture;77414;Land asynchronous attitude;17261;budgetary;EXE scalable;Views;2022-08-23;Rial Metal;2022-08-23;74193;Synergized Uruguay;regional;lavender;Brand back Iceland;Interactions;Fantastic Technician Metal;visualize transition;Minnesota;Games;87100;Mongolia Tactics;26948;Account;70609;virtual cross-platform Cambridgeshire;50713;Sleek mint Refined;Zambian Implemented;Metal;2022-08-23;communities connecting Handmade;2022-08-22;44327;web-readiness Chicken;New platforms brand;interfaces product;customer innovate;Music Strategist Loan;Account Estate backing;compelling utilize Lek;transmitting User-centric;haptic;11275;web-readiness;97370;Chips Sharable Michigan;72783;International Licensed pink;16624;auxiliary;Account Generic;1080p;2022-08-23;withdrawal;2022-08-23;93259;Research;redundant enhance invoice;Organized Fresh channels;quantifying Avon Junction;strategy Tome;Games Investment;Home rich;Designer;Supervisor;Salad;Rubber Assurance mindshare;deliverables transparent Fresh;Chair dynamic;overriding invoice;Automotive Auto Handmade;2022-08-22;Incredible Account;compressing olive Communications;21101;interfaces;1080p Soft Rubber;13695;Fall;Gloves context-sensitive Sausages;TCP Bacon Decentralized;Mayotte Organic;Fresh;vortals;91705;Practical Consultant;2022-08-23T09:53:30;82874;Cheese Throughway Alley;2022-08-23T13:03:32
5;67274a89-4d74-486b-b316-bb1400444bfb;42603;991;89941;e-business;46389;port exuding;571;plug-and-play Kwacha;58311;Islands;override port;engineer Tasty Jewelery;2022-08-23;Licensed generate;2022-08-23;8433;ROI;Soft Connecticut Handcrafted;lavender;Berkshire;Cambridgeshire Grass-roots;Books Bedfordshire eyeballs;complexity;olive object-oriented Pine;Towels;16907;synergy Saint Manager;78588;Micronesia;21076;Refined Dollar Somoni;54379;navigating;connect Shoes;grey;2022-08-23;Tunisia Car;2022-08-23;40098;Mobility Chief Cambridgeshire;RSS;state;methodologies Refined;alarm;Fantastic;withdrawal;cyan administration Jewelery;generate;89339;open-source Multi-tiered;40178;metrics Bacon;42202;Fantastic Bedfordshire Granite;87408;copying Lek;Guyana;grey National;2022-08-23;auxiliary card;2022-08-23;46052;productize Virginia;Fantastic;Saint Illinois;driver;e-business auxiliary Stand-alone;Bedfordshire Rustic;Cambridgeshire Cambridgeshire Plaza;mobile Computer best-of-breed;transform Rubber;content-based Steel;orchestrate Fall Bedfordshire;Arizona;navigate Franc;Cotton maximized Intelligent;Specialist Incredible digital;2022-08-22;Guarani innovate web-enabled;Incredible hierarchy;98921;Granite;Architect SSL Handmade;13551;middleware hub Pants;Pound Steel withdrawal;Springs Colorado system;Iowa Somoni database;Factors Lanka;granular;71494;withdrawal Generic;2022-08-23T12:19:16;1646;Camp;2022-08-23T15:11:48
6;c84bba3f-79ea-4e63-a760-c83018d17de1;4216;82507;96842;Home Analyst;25959;Malaysia Shoes Mexico;64327;Fantastic Iceland Concrete;92568;monitoring Montana Bike;Mississippi 24/7 background;salmon Lesotho;2022-08-23;Towels;2022-08-23;4058;Representative 24/365 Buckinghamshire;haptic;Grocery;global Buckinghamshire;Expressway;Metal synthesizing Bike;Loan;Tools violet Borders;Director quantifying client-driven;21555;virtual synthesize;77202;Mandatory;56651;Equatorial Kwacha;52202;networks Senior dynamic;Proactive Steel;hack drive;2022-08-23;online;2022-08-23;67897;Account matrix orange;Kroon index Virginia;Industrial;Bahamas Loan;Manager Officer;directional Granite functionalities;bluetooth intangible Fresh;monetize;Supervisor real-time transition;24329;invoice;65327;Borders Haven;42434;bandwidth;35637;Wooden;PNG composite;deposit;2022-08-23;methodology orchid plum;2022-08-23;63742;didactic Cambridgeshire;Maine;Account;Camp;Peso SAS virtual;Nevada Account Tennessee;Heights;SSL;Borders;Mouse;Division Assistant;Nebraska withdrawal;Borders 1080p Corporate;Shirt;panel;2022-08-23;Games;heuristic;91635;sensor;Plastic Officer platforms;54595;Managed Chicken;Tactics well-modulated Brunei;Movies;set navigate;magenta Hat;Car;71016;Islands, Hawaii;2022-08-22T21:25:20;84650;Internal TCP;2022-08-22T21:47:48
7;74a45fcb-97cd-4988-aa19-4bdb6b374995;34455;83501;23034;tertiary Fresh COM;56710;application GB;39773;firewall back Taiwan;16055;XSS deposit bricks-and-clicks;Saint Awesome Focused;withdrawal navigate payment;2022-08-23;Square interface Fantastic;2022-08-23;23396;open-source convergence;fuchsia;Markets Planner;structure deposit;mesh;Account port;UIC-Franc Orchestrator solid;indexing;Fresh Sol Tome;78139;Practical Barbados circuit;72012;Guinea quantify;81643;Product;56291;Creative composite bypassing;Tennessee;Grocery View;2022-08-23;Intelligent Internal access;2022-08-23;32124;virtual Course Infrastructure;circuit Hryvnia;payment Mauritius Gloves;Licensed River;Soft Prairie;auxiliary;Cuban GB Berkshire;RAM;Republic;33781;Lead USB;28258;Home;44444;payment function Music;54848;Representative;deposit Unbranded multi-byte;Hawaii Books;2022-08-22;metrics input Cotton;2022-08-23;94504;Unbranded Ball;Convertible;Orchestrator Officer circuit;Connecticut payment Universal;database capacitor;Fish;Washington Georgia white;overriding circuit Cotton;Shilling;solid;Web SCSI;Identity Security RAM;Pike International Customer;TCP;instruction;2022-08-23;Manager Incredible quantify;Leone auxiliary;94843;US invoice Green;cross-platform;11021;synthesize;convergence Granite Oregon;Minnesota system-worthy;object-oriented;PCI Customizable COM;array;14715;monetize Ergonomic invoice;2022-08-23T08:56:04;81216;Nakfa Coordinator;2022-08-23T06:50:34
8;8c62cbb4-7447-4296-b054-85fffcf6254e;82985;87685;1708;Handmade;51011;Planner Wooden;55454;Movies;57017;dynamic Fantastic Lead;Loan port Franc;reciprocal;2022-08-23;Tuna;2022-08-23;52996;unleash;Buckinghamshire;Gorgeous;Cotton redefine;Frozen United initiatives;adapter;Ergonomic California;Program Triple-buffered maroon;invoice Sleek;5733;compress Ball District;38799;Cheese explicit;19238;Generic e-tailers Granite;61695;Shirt Soap;Buckinghamshire drive Guarani;model;2022-08-23;collaboration;2022-08-23;41779;Account Consultant;Villages;matrix;Ameliorated Handmade;Tuna;bypassing deposit intermediate;Practical viral;array;Incredible navigating synergy;84174;Dominican Account;37408;payment mission-critical;74913;Rubber;10849;Investment digital;Associate bottom-line Inverse;Run Borders;2022-08-23;RSS;2022-08-23;90338;Senior Electronics Fresh;Unbranded Planner;bluetooth Table Borders;instruction deposit deposit;Gorgeous Books Berkshire;Rustic Facilitator black;copying Senior;Circles Licensed Configurable;moratorium COM;initiative;neutral;Dollar scale;synergies;Jewelery supply-chains;Lodge Direct facilitate;2022-08-22;withdrawal Fresh;Baby;57202;Officer copy;e-markets mobile cross-platform;10108;parse;Iceland Wyoming;didactic National;users Costa;enable Specialist Supervisor;synthesizing 1080p niches;82871;Avon Soft;2022-08-23T09:13:14;64623;parsing Dynamic Dollar;2022-08-22T22:12:03
9;31cba2d6-5ff9-4da2-b779-2e23e918569d;3126;57523;54709;monitor Sol Electronics;23583;overriding transmitting;82047;visualize;50753;multi-byte Bouvet;asynchronous;Wooden withdrawal;2022-08-23;Specialist Human Nevada;2022-08-23;9931;Decentralized Michigan Developer;Aruban system-worthy invoice;Internal Practical;compressing sky;emulation;architect Guam;Kids quantify;copying withdrawal payment;SSL Kip;78783;Plastic up compressing;10275;Account;5610;back-end Prairie;40650;indigo maroon schemas;Small;Intelligent haptic port;2022-08-22;eco-centric payment;2022-08-23;50785;Facilitator;Ball incentivize Designer;lime New Gorgeous;JBOD orchestrate;radical conglomeration Functionality;green Cambridgeshire;generate Reactive;homogeneous;CSS;50169;ivory Grove Fresh;43476;Small Freeway Tasty;51848;Inverse Senegal;9930;monitoring;Direct;Arkansas District calculate;2022-08-22;policy Keyboard quantify;2022-08-22;21230;navigating incubate;Fresh open-source;copy;salmon Brand Executive;Music generation;Bedfordshire fuchsia THX;exploit Marshall;Wooden Walks panel;clear-thinking Hat;Wyoming bypass Underpass;orange deposit;Chips;primary;IB Street plum;Home;2022-08-23;Pizza;e-services Ergonomic South;48902;white Belarussian;Developer;13498;USB Shoes;vertical;Visionary Alley;Human;Organized;Ball;32610;Granite systems;2022-08-23T09:55:00;68191;Home approach;2022-08-23T12:27:04
10;7f381dc8-7afc-4f46-ad5c-0339bae8c40e;11290;61560;34064;Garden;62014;cross-platform Bacon Grocery;89561;Tactics Corporate Associate;14667;Incredible;deposit;SQL;2022-08-23;bus hard Avon;2022-08-22;26865;methodology;Hawaii Wyoming;Parkway Electronics;Automotive architect Devolved;program;Florida THX Home;extend;Forint Maine Cyprus;bypass exuding Buckinghamshire;83191;Alaska Chief;66713;Virginia indigo Synergized;27955;Corner Steel e-commerce;37538;service-desk;cross-media Soft Automotive;Guinea-Bissau Uruguayo;2022-08-22;bricks-and-clicks connecting;2022-08-22;80363;Sleek Program;Berkshire deposit withdrawal;Awesome Central;seamless;methodical Concrete;Adaptive;driver;Internal;Aruba Grocery invoice;13908;Frozen;79341;interface;74459;Connecticut;99523;Albania compress;Persevering;Nepalese database;2022-08-22;payment;2022-08-23;15529;Synergized interface;Function-based interface Operations;redundant SMS Operations;incentivize leading-edge Barbuda;generation synergies integrated;Plastic override;leverage architectures;cultivate;Compatible;interfaces;communities Metal;viral;Accounts program static;Configurable haptic synthesize;Diverse;2022-08-23;Moldova;vertical;29184;haptic Electronics Manager;reintermediate;38055;compress;4th;installation Rupiah Granite;Self-enabling;Gateway salmon;Reduced enhance;59816;AGP Ergonomic grow;2022-08-23T04:45:28;21374;communities e-tailers Implementation;2022-08-23T19:00:17
