sales_order_id;uuid;patient_id;patient_name;patient_dob;patient_dod;patient_ssn;qmb_status;patient_gender;patient_height;patient_weight;patient_contact_1;patient_contact_2;email;fax;hipaa_on_file_status;branch_id;branch_name;document_type_id;document_type_name;document_date;document_note;sales_order_document_id;document_title;document_name;scan_by;file_upload_path;upload_date;upload_by;scan_date;review_status;review_reason;review_date;review_by;status;created_by_id;created_by_name;created_date;updated_by_id;updated_by_name;updated_date
1;0ef36d25-7283-4af2-bdea-862454849b6f;54279;"Uqetgdk1";2022-08-23;2022-08-23;Intranet;parse;Corporate Mall;15999;69381;Gourde Focused Tuna;Account;Alejandrin_Paucek@gmail.com;Music CSS virtual;Plastic;87193;SQL interface Plastic;47817;transmit Technician transmit;2022-08-23;superstructure;98175;Sausages sticky;Sweden Sausages Planner;61837;parse Decentralized;2022-08-23;28945;2022-08-22;withdrawal Incredible;Liaison Refined pink;2022-08-22;62754;magenta;34431;protocol;2022-08-22T21:40:34;32335;Account Health circuit;2022-08-23T07:34:53
2;f7d58b3a-5184-40b9-b4c7-4a07ae04df0a;71416;"Hwykutt6";2022-08-23;2022-08-23;relationships Platinum Avon;Beauty;content-based;17935;88577;HTTP;Generic;Kory6@yahoo.com;copy;Mandatory connecting deliverables;73702;face;19429;Moldovan;2022-08-23;Automotive syndicate red;60646;Legacy compressing;compressing De-engineered Reactive;10501;PCI Cambridgeshire;2022-08-23;44715;2022-08-23;interfaces;Branch;2022-08-23;48617;cross-media Fresh holistic;68534;Monetary;2022-08-23T06:30:30;44603;framework invoice SQL;2022-08-22T20:33:29
3;74acb42b-222a-48da-8ea9-8e3f1f3d8856;8798;"Xff0";2022-08-23;2022-08-23;Somali CFA;Identity schemas;benchmark blue Handmade;79841;91821;Liaison hack;mesh Buckinghamshire Dollar;Waylon64@gmail.com;Fish Wooden;Solutions Practical Decentralized;9340;Ball Planner;46590;Parks;2022-08-23;Ngultrum parse;22051;violet HDD;withdrawal;45130;Moldova cross-platform Kansas;2022-08-23;42522;2022-08-23;Shirt;Arizona Re-engineered Chips;2022-08-23;80337;Assimilated;32431;Buckinghamshire;2022-08-22T23:57:00;56053;Bedfordshire National;2022-08-23T18:23:19
4;5de94910-6171-4cf9-8b55-0f3fcfbed838;51772;"Vmxrwng4";2022-08-23;2022-08-23;Chief;ivory;Gloves;92234;48940;transmit Sleek;impactful;Roma_Koss@gmail.com;deposit deposit Port;Expressway Ridges;16383;payment;87164;Aruba Neck;2022-08-23;partnerships;88203;Street Avon;monitoring;36352;redefine convergence invoice;2022-08-23;73656;2022-08-23;help-desk;Cotton back Producer;2022-08-23;56573;payment wireless transmit;64430;Direct Books;2022-08-22T19:07:37;65660;Wooden Glens Granite;2022-08-23T13:46:05
5;c98c4b4f-6da6-47a8-b56e-2dc1710001b6;2286;"Qnee0";2022-08-23;2022-08-22;Functionality Islands,;B2C Tuna;Mouse empowering plug-and-play;45500;55749;wireless;Bacon Legacy Mouse;Arlene89@gmail.com;service-desk parse;Planner needs-based;73319;Rupee withdrawal hardware;10907;Chair hacking Riyal;2022-08-23;Director;65235;Hampshire mint Concrete;Unbranded;11615;robust platforms;2022-08-22;32048;2022-08-23;Cambridgeshire;productize Finland;2022-08-23;65601;Salad Accounts turquoise;97553;Port;2022-08-23T16:59:29;3385;Practical invoice;2022-08-22T21:23:57
6;491a7109-b387-4e09-9c46-f5b349db7475;78227;"Yb8";2022-08-23;2022-08-22;engineer Manat Interactions;Fresh;software Tuna Madagascar;2992;88840;Tools;Fresh Brook;Urban88@hotmail.com;index Granite Regional;extend Agent;44493;wireless HTTP;40151;Route Graphical;2022-08-23;quantify;31059;matrix;orchestrate extensible bypassing;15839;Towels Fresh;2022-08-22;25592;2022-08-23;structure feed;wireless circuit;2022-08-23;34950;Loan;70546;generate up Rustic;2022-08-23T04:28:38;87946;transmitting Argentina Designer;2022-08-23T10:27:40
7;4c0378e2-1e33-430c-ace7-521d9b1eca82;5982;"Tlq0";2022-08-23;2022-08-22;navigate;Shores;front-end SMS Baby;68955;80520;intuitive Idaho;Pants Licensed;Monserrat_Blick@yahoo.com;Kids transmitting;Diverse Martinique Intelligent;75603;Nebraska Cheese;83531;clear-thinking Customer input;2022-08-23;Incredible;82044;transmitting;Focused;63302;Frozen Handcrafted Home;2022-08-23;5660;2022-08-23;United Towels index;directional;2022-08-23;12761;index;83291;synthesizing;2022-08-23T12:29:31;11679;Jamaican compress;2022-08-23T09:16:56
8;b139786f-d536-4ced-aaa1-ea57809fb771;51722;"Ws9";2022-08-22;2022-08-23;Berkshire;Licensed Books firewall;Keyboard programming Vanuatu;51450;61025;quantify Cotton;National;Derrick_Feil@yahoo.com;Marketing optical Investment;Steel Spur Mouse;99862;Generic hack;15804;Kids Branding Rustic;2022-08-23;EXE Colorado;67901;Future-proofed;auxiliary;11913;Ridge analyzer;2022-08-23;48078;2022-08-23;Account loyalty;Buckinghamshire Horizontal;2022-08-23;81291;Bacon mint Web;66904;incremental;2022-08-22T22:20:46;1074;Specialist;2022-08-23T18:46:08
9;2747f713-9145-47b6-8906-6922fe8aafdd;6336;"Myfodh3";2022-08-22;2022-08-23;Falkland;services wireless;backing neural-net fuchsia;55884;98957;fuchsia Indiana;Virginia Grove Dynamic;Ayana84@gmail.com;Fantastic;Square;40990;digital open-source;72830;Outdoors Rupee Sausages;2022-08-23;product;97519;intuitive;Director hack;21085;Chief Soft Cambridgeshire;2022-08-23;76738;2022-08-23;rich California Intelligent;back-end Developer;2022-08-23;54700;grey Loan;7607;metrics;2022-08-23T14:36:09;93018;payment Brand Health;2022-08-23T03:57:02
10;27c440f2-74f0-4e94-a39d-cb7d0fd13b95;17735;"Dgtktl2";2022-08-23;2022-08-22;virtual reboot matrix;Checking;user-centric;68033;41779;boliviano Wooden;Awesome;Lola_Waters@gmail.com;monitoring Shoes;program pixel HDD;31552;Maldives Associate;58951;Massachusetts;2022-08-22;back-end;16953;invoice Home Loan;multimedia;28218;deploy;2022-08-23;17145;2022-08-23;collaborative withdrawal strategize;Paradigm;2022-08-23;99458;matrix;92537;zero Graphic;2022-08-23T10:49:31;56010;purple;2022-08-23T09:10:33
