sales_order_document_id;sales_order_id;patient_id;patient_name;patient_dob;patient_dod;patient_ssn;qmb_status;patient_gender;patient_height;patient_weight;patient_contact_1;patient_contact_2;email;fax;hipaa_on_file_status;branch_id;branch_name;document_type_id;document_type_name;document_date;document_note;document_title;document_name;scan_by;file_upload_path;upload_date;upload_by;scan_date;review_status;review_reason;review_date;review_by;status;created_by_id;created_by_name;created_date;updated_by_id;updated_by_name;updated_date
1;5216;91019;"Zjv1";2022-08-23;2022-08-23;Bedfordshire;Granite SMTP infrastructures;Open-source Pennsylvania;98637;54279;THX port initiatives;engine Computers;Raquel.Kunde40@hotmail.com;Overpass Dinar;compress Games;373;Account;25485;Pataca;2022-08-22;Ergonomic;Soft;benchmark;52780;Configuration International hack;2022-08-22;47817;2022-08-22;online Shilling hacking;superstructure;2022-08-22;35142;Optimization;21440;drive leverage utilisation;2022-08-23T14:29:46;61837;parse Decentralized;2022-08-23T17:44:28
2;28945;90234;"Nhfci0";2022-08-22;2022-08-22;Ergonomic;Loan;magenta;34431;15449;Gloves Account Health;JSON Applications interface;Manuela51@gmail.com;Handcrafted;Glens Sleek Stand-alone;2341;port XSS 1080p;69587;Zimbabwe Buckinghamshire Applications;2022-08-23;Small Automated;Directives;HTTP;10237;Loan;2022-08-23;43666;2022-08-23;Business-focused copy;Mandatory connecting deliverables;2022-08-23;21627;national;13021;Bedfordshire driver Cotton;2022-08-23T14:27:39;19436;methodology;2022-08-22T21:39:12
3;76991;32614;"Vty8";2022-08-23;2022-08-23;Tuna;attitude-oriented PCI Cambridgeshire;Flat interfaces Health;59492;5744;Identity integrate;Polarised Associate Metal;Juanita.Kilback36@yahoo.com;invoice SQL Optimization;wireless Soft;15822;Account;64643;THX Tanzania Executive;2022-08-23;Macedonia evolve Diverse;Chicken;CFA;47823;ubiquitous digital benchmark;2022-08-23;8065;2022-08-22;program;Well Legacy Buckinghamshire;2022-08-23;86016;neural neural;97352;Baby Fish;2022-08-23T15:59:26;14026;parsing;2022-08-22T22:58:34
4;9840;44385;"Aef0";2022-08-23;2022-08-23;JBOD;Bridge Island payment;parse orchid relationships;61850;10138;withdrawal;haptic Consultant;Korey.Haag42@gmail.com;Games;hard;89650;circuit;3700;Consultant;2022-08-22;Assimilated;Granite;multi-byte Bedfordshire National;2821;state maximized;2022-08-23;38081;2022-08-23;Soft Iowa;access silver;2022-08-22;74509;connecting Macao indexing;65844;Dominican Corner Chief;2022-08-23T11:55:55;21423;implement customized Chief;2022-08-23T06:03:52
5;74814;79202;"Gn0";2022-08-23;2022-08-23;Executive Knolls;deposit deposit Port;Expressway Ridges;16383;5461;Berkshire Borders;Neck virtual Intelligent;Jamal_Smitham@yahoo.com;SDD;cross-platform redefine;42958;Metal Account;4348;help-desk;2022-08-22;e-tailers;silver;local payment wireless;74096;quantifying Direct Books;2022-08-22;65660;2022-08-23;Metal;primary;2022-08-23;46396;indigo Buckinghamshire;73028;Markets;2022-08-23T03:47:44;42935;payment functionalities;2022-08-23T15:10:26
6;87471;76762;"Cdaa0";2022-08-23;2022-08-23;Kids Central;Shilling;Inverse Director B2C;3926;46981;payment;Pants;Eden.Harvey93@hotmail.com;Overpass wireless;Bacon Legacy Mouse;25256;Bedfordshire;35789;copying;2022-08-22;Cambridgeshire black;monitor payment proactive;bypassing Chair;84876;Handcrafted;2022-08-23;99659;2022-08-23;invoice Oklahoma Pants;silver Car;2022-08-23;11615;robust platforms;82220;Avon;2022-08-22T22:51:41;354;productize Finland;2022-08-23T12:56:48
7;65601;71122;"Enythfl7";2022-08-22;2022-08-23;deposit Kids;Roads invoice;methodology withdrawal Kids;21140;53209;Solutions product;Identity black;Nelda45@hotmail.com;solid Sausages;virtual Sausages;32360;RAM;30861;Georgia relationships Kwanza;2022-08-23;cultivate;Regional;state;46509;JBOD;2022-08-23;53933;2022-08-23;Brazil Regional Maryland;Agent Hill;2022-08-23;46206;Cotton capacitor partnerships;20264;Home Ball orchestrate;2022-08-23T10:20:00;62362;bypassing;2022-08-23T15:15:52
8;54706;15431;"Od8";2022-08-23;2022-08-22;Money;SMS Account Mauritius;bandwidth;27245;61333;Islands generate;Baby Salad IB;Junius2@hotmail.com;Slovenia protocol Multi-layered;Computer teal Bacon;43777;Computer;58501;Unbranded payment Concrete;2022-08-23;Lead generate;reboot front-end;circuit invoice haptic;15358;Idaho;2022-08-23;15979;2022-08-23;Licensed payment;payment payment;2022-08-22;96203;Diverse Martinique Intelligent;75603;Nebraska Cheese;2022-08-22T23:01:07;79152;Pizza;2022-08-23T05:38:31
9;14681;75507;"Tkicj3";2022-08-22;2022-08-23;SCSI Focused payment;Interactions Handcrafted;reciprocal;5660;69740;United Towels index;directional;Brandyn.Dickens44@hotmail.com;Licensed compress infomediaries;compress;40766;Intelligent Mountain Facilitator;22275;state Tuna;2022-08-23;Guyana Avon Developer;Sleek Handcrafted;paradigms extensible Licensed;2408;generation;2022-08-23;96043;2022-08-23;fuchsia;Vanuatu Borders quantify;2022-08-23;41359;Salad;6297;Enterprise-wide Reunion;2022-08-23T15:16:16;66346;connecting integrate Steel;2022-08-23T08:16:18
10;77900;73322;"Bqex9";2022-08-23;2022-08-23;Managed hack;driver;Branding;6483;16135;one-to-one;EXE Colorado;Ada.Gaylord@hotmail.com;auxiliary;vortals;91714;Concrete;52086;SMTP Public-key;2022-08-23;enhance Response microchip;mint Web;black user-centric zero;48441;Shoes;2022-08-23;98018;2022-08-23;orchid;grow;2022-08-23;77937;Tools Savings;96939;Borders Facilitator Sleek;2022-08-23T05:57:17;13129;cutting-edge;2022-08-23T17:29:32
